{
  "rec_90": {
    "thr": 0.0,
    "coverage": 1.0,
    "accuracy": 0.8483980327555747
  },
  "rec_95": {
    "thr": 0.0,
    "coverage": 1.0,
    "accuracy": 0.8483980327555747
  }
}