{
  "top1": 0.8483980327555747,
  "top5": 0.9780833691448216,
  "macro_precision": 0.8417388479078375,
  "macro_recall": 0.8507317328288084,
  "macro_f1": 0.8435844776200287,
  "weighted_f1": 0.8476018030405664,
  "roc_auc_ovr": 0.9930300037428157
}